ID,Attrition
1,0.06
2,0.0
3,0.0
4,0.0
5,0.01
6,0.0
7,0.27
8,0.0
9,0.0
10,0.0
11,0.0
12,0.0
13,0.0
14,0.0
15,0.0
16,0.0
17,0.12
18,0.0
19,0.0
20,0.0
21,0.0
22,0.03
23,0.0
24,0.0
25,0.0
26,0.0
27,0.0
28,0.61
29,0.0
30,0.0
31,0.61
32,0.01
33,0.0
34,0.0
35,0.0
36,0.14
37,0.2
38,0.0
39,0.0
40,0.04
41,0.58
42,0.0
43,0.0
44,0.0
45,0.18
46,0.0
47,0.01
48,0.01
49,0.0
50,0.01
51,0.0
52,0.0
53,0.01
54,0.0
55,0.0
56,0.0
57,0.0
58,0.0
59,0.02
60,0.0
61,0.0
62,0.0
63,0.0
64,0.0
65,0.01
66,0.01
67,0.0
68,0.0
69,0.0
70,0.0
71,0.0
72,0.0
73,0.0
74,0.0
75,0.0
76,0.0
77,0.01
78,0.01
79,0.0
80,0.0
81,0.0
82,0.0
83,0.0
84,0.0
85,0.0
86,0.0
87,0.0
88,0.0
89,0.0
90,0.0
91,0.0
92,0.0
93,0.02
94,0.0
95,0.0
96,0.0
97,0.0
98,0.01
99,0.0
100,0.0
101,0.0
102,0.0
103,0.32
104,0.01
105,0.0
106,0.0
107,0.32
108,0.0
109,0.01
110,0.0
111,0.01
112,0.03
113,0.0
114,0.0
115,0.0
116,0.0
117,0.0
118,0.01
119,0.0
120,0.0
121,0.0
122,0.0
123,0.01
124,0.0
125,0.0
126,0.02
127,0.0
128,0.3
129,0.0
130,0.02
131,0.02
132,0.37
133,0.0
134,0.0
135,0.0
136,0.04
137,0.0
138,0.0
139,0.01
140,0.0
141,0.0
142,0.0
143,0.0
144,0.13
145,0.01
146,0.0
147,0.0
148,0.0
149,0.0
150,0.0
151,0.02
152,0.0
153,0.0
154,0.0
155,0.02
156,0.0
157,0.0
158,0.5
159,0.0
160,0.35
161,0.0
162,0.0
163,0.0
164,0.0
165,0.19
166,0.02
167,0.27
168,0.0
169,0.02
170,0.01
171,0.0
172,0.0
173,0.28
174,0.01
175,0.0
176,0.01
177,0.0
178,0.01
179,0.0
180,0.01
181,0.0
182,0.0
183,0.0
184,0.0
185,0.0
186,0.0
187,0.0
188,0.0
189,0.0
190,0.0
191,0.0
192,0.0
193,0.24
194,0.02
195,0.01
196,0.0
197,0.0
198,0.0
199,0.04
200,0.0
201,0.0
202,0.0
203,0.86
204,0.0
205,0.68
206,0.0
207,0.0
208,0.0
209,0.0
210,0.01
211,0.33
212,0.0
213,0.0
214,0.0
215,0.0
216,0.0
217,0.0
218,0.02
219,0.0
220,0.02
221,0.01
222,0.0
223,0.0
224,0.32
225,0.02
226,0.0
227,0.32
228,0.01
229,0.0
230,0.32
231,0.0
232,0.0
233,0.02
234,0.0
235,0.0
236,0.0
237,0.0
238,0.03
239,0.0
240,0.0
241,0.0
242,0.32
243,0.0
244,0.0
245,0.0
246,0.0
247,0.06
248,0.24
249,0.11
250,0.0
251,0.01
252,0.0
253,0.02
254,0.0
255,0.12
256,0.0
257,0.23
258,0.01
259,0.18
260,0.0
261,0.0
262,0.0
263,0.0
264,0.01
265,0.14
266,0.0
267,0.01
268,0.0
269,0.0
270,0.0
271,0.0
272,0.0
273,0.01
274,0.0
275,0.0
276,0.02
277,0.02
278,0.01
279,0.62
280,0.01
281,0.0
282,0.02
283,0.0
284,0.22
285,0.0
286,0.06
287,0.01
288,0.0
289,0.01
290,0.05
291,0.02
292,0.0
293,0.0
294,0.04
295,0.57
296,0.67
297,0.8
298,0.01
299,0.0
300,0.0
301,0.0
302,0.0
303,0.0
304,0.0
305,0.29
306,0.05
307,0.01
308,0.01
309,0.24
310,0.0
311,0.0
312,0.01
313,0.06
314,0.0
315,0.01
316,0.0
317,0.0
318,0.0
319,0.06
320,0.83
321,0.08
322,0.0
323,0.0
324,0.0
325,0.09
326,0.13
327,0.0
328,0.0
329,0.0
330,0.01
331,0.01
332,0.0
333,0.65
334,0.02
335,0.01
336,0.08
337,0.01
338,0.0
339,0.0
340,0.0
341,0.0
342,0.01
343,0.0
344,0.0
345,0.0
346,0.07
347,0.0
348,0.0
349,0.8
350,0.03
351,0.01
352,0.0
353,0.0
354,0.0
355,0.0
356,0.0
357,0.0
358,0.0
359,0.02
360,0.01
361,0.03
362,0.0
363,0.04
364,0.0
365,0.0
366,0.0
367,0.0
368,0.0
369,0.02
370,0.07
371,0.01
372,0.0
373,0.01
374,0.0
375,0.01
376,0.01
377,0.0
378,0.0
379,0.0
380,0.0
381,0.0
382,0.0
383,0.0
384,0.0
385,0.0
386,0.0
387,0.0
388,0.01
389,0.0
390,0.0
391,0.01
392,0.06
393,0.0
394,0.01
395,0.01
396,0.0
397,0.07
398,0.17
399,0.02
400,0.0
401,0.0
402,0.01
403,0.0
404,0.0
405,0.0
406,0.0
407,0.01
408,0.0
409,0.0
410,0.0
411,0.0
412,0.0
413,0.0
414,0.0
415,0.06
416,0.0
417,0.0
418,0.03
419,0.74
420,0.0
421,0.01
422,0.0
423,0.01
424,0.0
425,0.0
426,0.0
427,0.0
428,0.0
429,0.15
430,0.03
431,0.01
432,0.0
433,0.0
434,0.78
435,0.0
436,0.01
437,0.02
438,0.04
439,0.75
440,0.0
441,0.01
442,0.0
443,0.0
444,0.0
445,0.0
446,0.0
447,0.0
448,0.0
449,0.0
450,0.0
451,0.24
452,0.18
453,0.0
454,0.0
455,0.0
456,0.01
457,0.0
458,0.0
459,0.0
460,0.0
461,0.01
462,0.0
463,0.03
464,0.02
465,0.1
466,0.0
467,0.71
468,0.0
469,0.0
470,0.0
471,0.34
472,0.0
473,0.0
474,0.11
475,0.0
476,0.01
477,0.0
478,0.0
479,0.01
480,0.21
481,0.0
482,0.0
483,0.0
484,0.0
485,0.0
486,0.0
487,0.0
488,0.0
489,0.0
490,0.96
491,0.0
492,0.0
493,0.0
494,0.0
495,0.0
496,0.31
497,0.01
498,0.0
499,0.78
500,0.0
501,0.0
502,0.64
503,0.0
504,0.0
505,0.01
506,0.0
507,0.0
508,0.0
509,0.0
510,0.0
511,0.0
512,0.01
513,0.0
514,0.01
515,0.01
516,0.0
517,0.0
518,0.06
519,0.79
520,0.04
521,0.0
522,0.83
523,0.0
524,0.12
525,0.0
526,0.02
527,0.0
528,0.0
529,0.73
530,0.0
531,0.01
532,0.0
533,0.0
534,0.04
535,0.01
536,0.01
537,0.01
538,0.03
539,0.03
540,0.0
541,0.04
542,0.0
543,0.0
544,0.94
545,0.0
546,0.0
547,0.01
548,0.01
549,0.04
550,0.0
551,0.0
552,0.0
553,0.0
554,0.0
555,0.0
556,0.05
557,0.0
558,0.02
559,0.01
560,0.0
561,0.0
562,0.0
563,0.0
564,0.0
565,0.0
566,0.0
567,0.0
568,0.0
569,0.02
570,0.0
571,0.0
572,0.18
573,0.02
574,0.69
575,0.88
576,0.0
577,0.0
578,0.01
579,0.0
580,0.07
581,0.01
582,0.03
583,0.0
584,0.0
585,0.0
586,0.31
587,0.0
588,0.0
589,0.0
590,0.0
591,0.0
592,0.01
593,0.0
594,0.0
595,0.0
596,0.0
597,0.0
598,0.06
599,0.02
600,0.01
601,0.01
602,0.27
603,0.0
604,0.0
605,0.0
606,0.0
607,0.0
608,0.0
609,0.0
610,0.0
611,0.0
612,0.0
613,0.01
614,0.0
615,0.0
616,0.69
617,0.23
618,0.02
619,0.03
620,0.0
621,0.01
622,0.01
623,0.0
624,0.0
625,0.39
626,0.0
627,0.0
628,0.0
629,0.99
630,0.99
631,1.0
632,0.76
633,0.9
634,1.0
635,0.89
636,0.99
637,0.98
638,0.96
639,1.0
640,0.99
641,1.0
642,1.0
643,0.81
644,0.92
645,0.99
646,1.0
647,1.0
648,0.99
649,0.99
650,0.83
651,0.98
652,1.0
653,1.0
654,0.99
655,0.83
656,1.0
657,0.99
658,1.0
659,0.94
660,0.92
661,1.0
662,1.0
663,1.0
664,1.0
665,0.99
666,0.88
667,0.99
668,1.0
669,0.99
670,1.0
671,0.93
672,1.0
673,0.99
674,1.0
675,0.96
676,0.99
677,1.0
678,1.0
679,0.82
680,0.94
681,0.94
682,1.0
683,0.99
684,1.0
685,0.61
686,0.8
687,1.0
688,1.0
689,0.99
690,1.0
691,0.94
692,0.98
693,1.0
694,1.0
695,0.94
696,0.99
697,0.96
698,1.0
699,1.0
700,1.0
701,0.9
702,1.0
703,0.99
704,0.98
705,1.0
706,0.86
707,0.98
708,1.0
709,1.0
710,1.0
711,1.0
712,1.0
713,0.98
714,1.0
715,0.99
716,1.0
717,1.0
718,1.0
719,1.0
720,0.98
721,1.0
722,1.0
723,0.97
724,0.97
725,1.0
726,1.0
727,0.81
728,1.0
729,1.0
730,0.99
731,1.0
732,0.92
733,0.98
734,0.92
735,1.0
736,0.93
737,1.0
738,0.99
739,0.99
740,0.98
741,0.99
742,0.94
743,1.0
744,0.89
745,0.98
746,0.99
747,1.0
748,0.93
749,1.0
750,0.98
751,0.99
752,1.0
753,0.99
754,1.0
755,1.0
756,0.97
757,0.98
758,1.0
759,0.99
760,0.91
761,1.0
762,0.99
763,0.92
764,0.92
765,0.79
766,1.0
767,0.98
768,0.93
769,0.97
770,0.97
771,1.0
772,1.0
773,0.99
774,1.0
775,1.0
776,0.92
777,0.96
778,0.74
779,1.0
780,1.0
781,0.97
782,0.01
783,1.0
784,0.99
785,0.92
786,0.99
787,1.0
788,0.95
789,0.98
790,0.99
791,1.0
792,1.0
793,0.85
794,0.99
795,0.95
796,0.99
797,0.92
798,0.94
799,0.95
800,0.98
801,1.0
802,0.96
803,0.99
804,1.0
805,0.97
806,0.99
807,0.9
808,1.0
809,1.0
810,1.0
811,0.98
812,0.98
813,1.0
814,1.0
815,0.99
816,1.0
817,1.0
818,1.0
819,1.0
820,1.0
821,0.99
822,1.0
823,0.91
824,1.0
825,0.96
826,0.91
827,1.0
828,0.99
829,1.0
830,1.0
831,0.99
832,0.98
833,1.0
834,1.0
835,1.0
836,1.0
837,1.0
838,1.0
839,0.99
840,0.97
841,1.0
842,0.98
843,0.97
844,0.97
845,1.0
846,1.0
847,1.0
848,0.98
849,0.96
850,0.99
851,1.0
852,0.77
853,0.99
854,0.97
855,0.97
856,0.99
857,0.97
858,0.97
859,0.99
860,1.0
861,0.99
862,0.99
863,0.99
864,0.96
865,1.0
866,0.98
867,0.99
868,0.78
869,0.96
870,1.0
871,0.95
872,1.0
873,0.99
874,1.0
875,0.9
876,1.0
877,0.91
878,0.88
879,1.0
880,0.98
881,0.99
882,0.98
883,0.97
884,0.98
885,0.99
886,0.99
887,0.99
888,0.98
889,0.9
890,0.82
891,0.94
892,0.97
893,0.98
894,0.98
895,0.99
896,1.0
897,0.98
898,1.0
899,0.98
900,0.89
901,0.99
902,1.0
903,0.99
904,1.0
905,1.0
906,0.98
907,1.0
908,0.98
909,0.99
910,0.98
911,1.0
912,0.88
913,1.0
914,0.93
915,1.0
916,0.98
917,1.0
918,0.99
919,0.99
920,0.98
921,0.92
922,0.99
923,0.01
924,0.99
925,0.95
926,0.99
927,0.99
928,1.0
929,1.0
930,1.0
931,0.91
932,1.0
933,0.99
934,0.99
935,0.98
936,0.95
937,1.0
938,0.99
939,1.0
940,0.99
941,0.99
942,0.99
943,1.0
944,0.99
945,0.99
946,1.0
947,1.0
948,0.99
949,1.0
950,1.0
951,0.99
952,1.0
953,0.97
954,1.0
955,1.0
956,0.99
957,0.99
958,1.0
959,0.96
960,0.88
961,1.0
962,0.94
963,1.0
964,0.99
965,0.92
966,0.97
967,1.0
968,1.0
969,1.0
970,0.99
971,0.97
972,1.0
973,1.0
974,0.99
975,1.0
976,0.92
977,1.0
978,0.97
979,0.77
980,0.98
981,0.95
982,0.82
983,1.0
984,0.86
985,1.0
986,1.0
987,0.98
988,0.97
989,0.91
990,0.99
991,0.85
992,0.98
993,1.0
994,1.0
995,0.99
996,0.95
997,1.0
998,1.0
999,0.99
1000,1.0
1001,1.0
1002,1.0
1003,1.0
1004,0.99
1005,0.99
1006,0.81
1007,0.97
1008,1.0
1009,1.0
1010,1.0
1011,0.98
1012,0.99
1013,0.99
1014,0.94
1015,1.0
1016,0.99
1017,1.0
1018,1.0
1019,0.99
1020,0.97
1021,1.0
1022,0.97
1023,0.8
1024,0.98
1025,1.0
1026,0.98
1027,1.0
1028,0.99
1029,0.92
1030,0.98
1031,0.92
1032,0.98
1033,0.99
1034,0.95
1035,0.98
1036,0.99
1037,0.91
1038,1.0
1039,0.99
1040,1.0
1041,1.0
1042,0.5
1043,0.8
1044,0.99
1045,0.99
1046,0.99
1047,1.0
1048,1.0
1049,0.99
1050,0.98
1051,0.81
1052,0.9
1053,1.0
1054,0.85
1055,0.96
1056,0.98
1057,0.78
1058,0.99
1059,0.99
1060,1.0
1061,1.0
1062,0.89
1063,0.95
1064,0.97
1065,0.99
1066,0.91
1067,1.0
1068,1.0
1069,0.85
1070,0.99
1071,1.0
1072,0.98
1073,1.0
1074,1.0
1075,1.0
1076,1.0
1077,0.89
1078,1.0
1079,0.99
1080,1.0
1081,1.0
1082,0.99
1083,1.0
1084,1.0
1085,0.99
1086,1.0
1087,0.98
1088,0.98
1089,0.99
1090,0.99
1091,0.99
1092,0.9
1093,1.0
1094,0.99
1095,1.0
1096,0.92
1097,1.0
1098,0.88
1099,1.0
1100,0.99
1101,1.0
1102,0.9
1103,1.0
1104,1.0
1105,0.89
1106,1.0
1107,0.99
1108,0.97
1109,1.0
1110,0.98
1111,0.94
1112,0.98
1113,1.0
1114,1.0
1115,1.0
1116,0.99
1117,0.98
1118,1.0
1119,1.0
1120,0.98
1121,0.96
1122,1.0
1123,0.96
1124,0.98
1125,0.93
1126,1.0
1127,0.98
1128,1.0
1129,1.0
1130,1.0
1131,0.99
1132,0.96
1133,0.89
1134,1.0
1135,1.0
1136,0.98
1137,0.97
1138,0.91
1139,0.94
1140,0.98
1141,0.93
1142,1.0
1143,0.91
1144,1.0
1145,0.99
1146,1.0
1147,1.0
1148,0.99
1149,1.0
1150,1.0
1151,1.0
1152,0.99
1153,0.97
1154,0.98
1155,1.0
1156,1.0
1157,0.99
1158,1.0
1159,0.98
1160,0.96
1161,0.97
1162,0.99
1163,0.86
1164,0.98
1165,0.67
1166,1.0
1167,0.98
1168,0.67
1169,1.0
1170,1.0
1171,0.99
1172,0.98
1173,1.0
1174,1.0
1175,1.0
1176,1.0
1177,1.0
1178,0.86
1179,1.0
1180,1.0
1181,1.0
1182,0.99
1183,1.0
1184,1.0
1185,0.98
1186,1.0
1187,0.99
1188,1.0
1189,1.0
1190,0.99
1191,0.99
1192,0.92
1193,0.99
1194,0.98
1195,0.97
1196,0.98
1197,1.0
1198,0.98
1199,0.96
1200,1.0
1201,0.98
1202,0.98
1203,1.0
1204,1.0
1205,0.86
1206,0.98
1207,0.98
1208,1.0
1209,1.0
1210,0.72
1211,1.0
1212,0.98
1213,0.96
1214,0.99
1215,0.89
1216,0.93
1217,1.0
1218,0.79
1219,0.98
1220,1.0
1221,0.95
1222,0.99
1223,0.97
1224,1.0
1225,0.99
1226,0.96
1227,1.0
1228,0.97
1229,1.0
1230,1.0
1231,1.0
1232,0.99
1233,0.97
1234,0.99
1235,0.96
1236,0.85
1237,0.97
1238,0.83
1239,0.7
1240,0.99
1241,1.0
1242,0.92
1243,0.96
1244,0.98
1245,1.0
1246,1.0
1247,0.95
1248,1.0
1249,0.98
1250,1.0
1251,1.0
1252,0.96
1253,0.96
1254,1.0
1255,1.0
1256,0.89
1257,0.9
1258,1.0
1259,0.99
1260,0.93
1261,0.99
1262,1.0
1263,1.0
1264,0.99
1265,0.97
1266,0.94
1267,1.0
1268,0.86
1269,0.93
1270,1.0
1271,0.99
1272,0.99
1273,0.97
1274,1.0
1275,1.0
1276,0.98
1277,0.95
1278,1.0
1279,0.99
1280,0.99
1281,1.0
1282,0.95
1283,0.99
1284,0.96
1285,0.97
1286,1.0
1287,1.0
1288,0.91
1289,0.96
1290,0.91
1291,0.92
1292,1.0
1293,0.99
1294,1.0
1295,1.0
1296,1.0
1297,0.98
1298,1.0
1299,0.89
1300,1.0
1301,1.0
1302,0.94
1303,0.87
1304,1.0
1305,1.0
1306,0.71
1307,0.98
1308,0.95
1309,0.95
1310,0.98
1311,0.98
1312,1.0
1313,1.0
1314,0.76
1315,0.99
1316,1.0
1317,1.0
1318,0.88
1319,0.99
1320,0.99
1321,0.92
1322,0.95
1323,1.0
1324,0.99
1325,1.0
1326,0.98
1327,0.97
1328,0.93
1329,1.0
1330,0.97
1331,1.0
1332,0.88
1333,0.99
1334,1.0
1335,0.99
1336,0.94
1337,1.0
1338,1.0
1339,1.0
1340,1.0
1341,1.0
1342,1.0
1343,1.0
1344,0.98
1345,0.98
1346,0.84
1347,0.96
1348,0.98
1349,0.98
1350,1.0
1351,0.92
1352,0.74
1353,0.88
1354,0.95
1355,0.99
1356,0.99
1357,1.0
1358,1.0
1359,0.97
1360,1.0
1361,1.0
1362,0.99
1363,0.99
1364,0.99
1365,1.0
1366,0.77
1367,1.0
1368,0.93
1369,0.97
1370,0.97
1371,1.0
1372,0.99
1373,0.75
1374,0.95
1375,1.0
1376,0.97
1377,0.99
1378,0.94
1379,0.97
1380,1.0
1381,0.99
1382,1.0
1383,0.95
1384,0.96
1385,1.0
1386,1.0
1387,1.0
1388,0.98
1389,1.0
1390,1.0
1391,0.94
1392,0.96
1393,0.95
1394,1.0
1395,1.0
1396,1.0
1397,0.97
1398,0.94
1399,0.98
1400,0.99
1401,0.99
1402,1.0
1403,1.0
1404,1.0
1405,1.0
1406,0.99
1407,0.92
1408,1.0
1409,1.0
1410,1.0
1411,1.0
1412,0.87
1413,0.99
1414,0.66
1415,1.0
1416,1.0
1417,0.83
1418,1.0
1419,0.94
1420,0.81
1421,0.96
1422,0.95
1423,0.87
1424,0.98
1425,0.95
1426,1.0
1427,1.0
1428,1.0
1429,1.0
1430,1.0
1431,1.0
1432,0.95
1433,1.0
1434,0.97
1435,0.92
1436,0.99
1437,1.0
1438,0.98
1439,0.73
1440,0.99
1441,0.95
1442,1.0
1443,1.0
1444,1.0
1445,0.98
1446,0.99
1447,1.0
1448,1.0
1449,1.0
1450,0.99
1451,0.98
1452,0.99
1453,1.0
1454,0.98
1455,0.86
1456,1.0
1457,1.0
1458,0.99
1459,1.0
1460,0.99
1461,1.0
1462,0.99
1463,0.99
1464,1.0
1465,1.0
1466,1.0
1467,0.97
1468,1.0
1469,1.0
1470,0.99
1471,1.0
1472,0.94
1473,0.99
1474,1.0
1475,0.96
1476,0.91
1477,1.0
1478,1.0
1479,0.93
1480,1.0
1481,1.0
1482,0.99
1483,1.0
1484,1.0
1485,0.99
1486,0.97
1487,0.99
1488,0.84
1489,0.99
1490,1.0
1491,1.0
1492,1.0
1493,1.0
1494,1.0
1495,1.0
1496,0.99
1497,0.99
1498,0.99
1499,0.99
1500,0.9
1501,1.0
1502,1.0
1503,1.0
1504,0.98
1505,1.0
1506,0.99
1507,1.0
1508,0.89
1509,1.0
1510,0.99
1511,0.97
1512,1.0
1513,0.96
1514,1.0
1515,1.0
1516,0.98
1517,1.0
1518,1.0
1519,1.0
1520,0.97
1521,0.99
1522,0.91
1523,0.72
1524,0.98
1525,0.96
1526,0.99
1527,0.99
1528,0.97
1529,0.96
1530,1.0
1531,0.83
1532,0.99
1533,1.0
1534,1.0
1535,1.0
1536,0.99
1537,0.99
1538,0.95
1539,0.97
1540,0.99
1541,0.94
1542,0.95
1543,1.0
1544,0.95
1545,0.99
1546,0.99
1547,0.91
1548,1.0
1549,0.99
1550,0.97
1551,0.95
1552,1.0
1553,0.99
1554,1.0
1555,0.98
1556,0.96
1557,1.0
1558,0.96
1559,1.0
1560,1.0
1561,1.0
1562,0.98
1563,1.0
1564,0.91
1565,0.98
1566,1.0
1567,0.99
1568,0.98
1569,0.85
1570,1.0
1571,1.0
1572,0.93
1573,0.99
1574,0.95
1575,1.0
1576,0.99
1577,1.0
1578,0.99
1579,1.0
1580,0.81
1581,0.99
1582,1.0
1583,0.97
1584,0.98
1585,0.71
1586,1.0
1587,0.96
1588,0.97
1589,1.0
1590,1.0
1591,1.0
1592,0.96
1593,0.95
1594,1.0
1595,0.94
1596,1.0
1597,1.0
1598,1.0
1599,0.95
1600,0.98
1601,0.98
1602,0.83
1603,1.0
1604,1.0
1605,0.91
1606,1.0
1607,0.98
1608,0.99
1609,0.99
1610,0.99
1611,1.0
1612,1.0
1613,0.99
1614,0.96
1615,0.99
1616,0.98
1617,0.9
1618,0.98
1619,0.9
1620,0.97
1621,0.95
1622,0.93
1623,0.98
1624,1.0
1625,0.99
1626,0.99
1627,1.0
1628,0.97
1629,1.0
1630,1.0
1631,0.98
1632,1.0
1633,1.0
1634,0.89
1635,0.99
1636,1.0
1637,1.0
1638,0.98
1639,0.98
1640,0.82
1641,0.86
1642,0.97
1643,1.0
1644,1.0
1645,1.0
1646,0.94
1647,0.96
1648,0.99
1649,1.0
1650,1.0
1651,0.94
1652,0.94
1653,1.0
1654,1.0
1655,1.0
1656,0.97
1657,0.99
1658,1.0
1659,1.0
1660,1.0
1661,0.98
1662,1.0
1663,0.97
1664,0.97
1665,1.0
1666,0.87
1667,1.0
1668,0.14
1669,1.0
1670,1.0
1671,0.92
1672,1.0
1673,0.99
1674,1.0
1675,0.96
1676,1.0
1677,0.98
1678,1.0
1679,0.98
1680,0.98
1681,1.0
1682,1.0
1683,0.99
1684,0.98
1685,0.91
1686,0.9
1687,0.75
1688,1.0
1689,0.91
1690,0.99
1691,1.0
1692,1.0
1693,0.81
1694,0.96
1695,0.99
1696,0.92
1697,0.98
1698,0.94
1699,1.0
1700,1.0
1701,0.96
1702,0.91
1703,0.99
1704,0.98
1705,0.99
1706,0.97
1707,1.0
1708,0.96
1709,0.99
1710,0.99
1711,0.96
1712,0.95
1713,0.97
1714,0.9
1715,1.0
1716,0.96
1717,0.96
1718,1.0
1719,1.0
1720,1.0
1721,0.98
1722,0.98
1723,0.98
1724,1.0
1725,0.93
1726,1.0
1727,0.99
1728,0.91
1729,0.99
1730,0.89
1731,1.0
1732,0.95
1733,0.99
1734,1.0
1735,0.94
1736,0.98
1737,0.82
1738,0.97
1739,0.99
1740,1.0
1741,0.99
1742,0.98
1743,0.92
1744,1.0
1745,0.99
1746,0.97
1747,1.0
1748,1.0
1749,0.9
1750,1.0
1751,0.94
1752,0.95
1753,1.0
1754,0.96
1755,0.99
1756,0.93
1757,1.0
1758,0.97
1759,0.97
1760,1.0
1761,1.0
1762,0.98
1763,1.0
1764,0.9
1765,0.99
1766,0.97
1767,0.97
1768,0.98
1769,0.99
1770,1.0
1771,0.99
1772,0.91
1773,1.0
1774,0.85
1775,0.98
1776,0.95
1777,0.95
1778,0.99
1779,1.0
1780,1.0
1781,0.98
1782,0.86
1783,0.99
1784,0.99
1785,1.0
1786,1.0
1787,0.96
1788,1.0
1789,0.92
1790,0.99
1791,0.99
1792,1.0
1793,1.0
1794,0.99
1795,1.0
1796,1.0
1797,0.98
1798,1.0
1799,1.0
1800,0.79
1801,1.0
1802,0.94
1803,0.97
1804,0.98
1805,0.99
1806,0.87
1807,0.96
1808,0.92
1809,1.0
1810,0.99
1811,1.0
1812,0.93
1813,0.99
1814,1.0
1815,0.98
1816,1.0
1817,1.0
1818,1.0
1819,1.0
1820,0.99
1821,0.97
1822,0.99
1823,0.99
1824,0.92
1825,1.0
1826,0.99
1827,1.0
1828,0.99
1829,0.76
1830,0.99
1831,1.0
1832,0.8
1833,1.0
1834,0.98
1835,0.93
1836,1.0
1837,0.99
1838,0.98
1839,1.0
1840,1.0
1841,0.97
1842,1.0
1843,0.97
1844,1.0
1845,0.97
1846,0.96
1847,0.97
1848,1.0
1849,0.88
1850,0.97
1851,0.97
1852,0.99
1853,1.0
1854,1.0
1855,0.98
1856,0.93
1857,0.99
1858,1.0
1859,0.99
1860,1.0
1861,1.0
1862,1.0
1863,1.0
1864,1.0
1865,0.89
1866,0.99
1867,0.99
1868,1.0
1869,0.9
1870,1.0
1871,0.99
1872,1.0
1873,1.0
1874,1.0
1875,0.99
1876,0.97
1877,0.99
1878,1.0
1879,0.98
1880,0.94
1881,1.0
1882,0.93
1883,0.99
1884,0.99
1885,1.0
1886,1.0
1887,0.99
1888,0.99
1889,1.0
1890,1.0
1891,1.0
1892,0.99
1893,0.98
1894,1.0
1895,0.99
1896,0.98
1897,0.99
1898,0.92
1899,0.98
1900,1.0
1901,0.99
1902,1.0
1903,0.98
1904,1.0
1905,1.0
1906,0.96
1907,1.0
1908,1.0
1909,1.0
1910,0.99
1911,0.86
1912,0.99
1913,0.99
1914,0.99
1915,0.99
1916,0.96
1917,0.99
1918,1.0
1919,1.0
1920,1.0
1921,0.84
1922,0.98
1923,0.65
1924,0.89
1925,1.0
1926,1.0
1927,1.0
1928,0.99
1929,1.0
1930,0.97
1931,1.0
1932,0.92
1933,0.63
1934,1.0
1935,0.99
1936,0.9
1937,0.99
1938,1.0
1939,1.0
1940,1.0
1941,0.99
1942,0.98
1943,0.9
1944,0.97
1945,1.0
1946,0.87
1947,1.0
1948,1.0
1949,0.99
1950,0.99
1951,1.0
1952,0.82
1953,0.9
1954,0.93
1955,0.99
1956,0.99
1957,0.99
1958,0.86
1959,1.0
1960,1.0
1961,0.94
1962,1.0
1963,0.95
1964,1.0
1965,1.0
1966,0.9
1967,1.0
1968,0.81
1969,1.0
1970,1.0
1971,0.99
1972,1.0
1973,1.0
1974,1.0
1975,0.92
1976,1.0
1977,1.0
1978,1.0
1979,0.99
1980,0.92
1981,1.0
1982,1.0
1983,1.0
1984,1.0
1985,0.99
1986,0.99
1987,0.91
1988,1.0
1989,1.0
1990,0.84
1991,0.96
1992,1.0
1993,0.99
1994,0.99
1995,0.99
1996,1.0
1997,1.0
1998,0.96
1999,1.0
2000,1.0
2001,0.91
2002,0.99
2003,1.0
2004,1.0
2005,1.0
2006,0.74
2007,0.96
2008,1.0
2009,1.0
2010,0.76
2011,0.94
2012,0.97
2013,0.94
2014,0.94
2015,0.98
2016,0.9
2017,1.0
2018,0.89
2019,0.97
2020,1.0
2021,1.0
2022,0.99
2023,0.99
2024,1.0
2025,1.0
2026,0.99
2027,1.0
2028,0.97
2029,1.0
2030,1.0
2031,1.0
2032,1.0
2033,0.98
2034,0.97
2035,0.98
2036,1.0
2037,1.0
2038,0.99
2039,0.96
2040,0.99
2041,1.0
2042,1.0
2043,0.99
2044,0.94
2045,0.99
2046,0.95
2047,1.0
2048,0.94
2049,1.0
2050,0.98
2051,0.93
2052,1.0
2053,0.96
2054,0.96
2055,0.99
2056,0.99
2057,1.0
2058,0.95
2059,0.97
2060,1.0
2061,0.99
2062,1.0
2063,0.89
2064,1.0
2065,0.99
2066,0.99
2067,0.97
2068,0.99
2069,0.97
2070,0.82
2071,0.99
2072,0.99
2073,1.0
2074,0.95
2075,0.99
2076,1.0
2077,1.0
2078,0.98
2079,0.99
2080,0.98
2081,0.99
2082,0.88
2083,1.0
2084,0.89
2085,1.0
2086,0.99
2087,0.95
2088,0.95
2089,1.0
2090,0.99
2091,0.96
2092,1.0
2093,0.94
2094,0.98
2095,1.0
2096,0.99
2097,0.99
2098,1.0
2099,0.96
2100,1.0
2101,1.0
2102,1.0
2103,1.0
2104,1.0
2105,0.99
2106,1.0
2107,1.0
2108,1.0
2109,0.98
2110,1.0
2111,0.85
2112,1.0
2113,1.0
2114,1.0
2115,0.95
2116,0.96
2117,1.0
2118,0.95
2119,1.0
2120,0.97
2121,1.0
2122,0.86
2123,0.99
2124,0.99
2125,0.88
2126,1.0
2127,1.0
2128,1.0
2129,1.0
2130,0.98
2131,0.97
2132,0.95
2133,1.0
2134,1.0
2135,0.93
2136,1.0
2137,0.99
2138,0.99
2139,1.0
2140,0.96
2141,0.96
2142,0.99
2143,0.96
2144,1.0
2145,1.0
2146,1.0
2147,0.99
2148,0.99
2149,1.0
2150,1.0
2151,1.0
2152,1.0
2153,1.0
2154,0.99
2155,0.92
2156,1.0
2157,1.0
2158,1.0
2159,0.83
2160,0.96
2161,0.98
2162,0.91
2163,0.97
2164,0.99
2165,0.97
2166,1.0
2167,0.96
2168,1.0
2169,1.0
2170,1.0
2171,1.0
2172,0.99
2173,1.0
2174,0.99
2175,0.99
2176,0.99
2177,0.99
2178,1.0
2179,0.87
2180,0.94
2181,1.0
2182,1.0
2183,0.96
2184,1.0
2185,1.0
2186,0.73
2187,0.95
2188,0.97
2189,1.0
2190,1.0
2191,1.0
2192,0.98
2193,1.0
2194,0.99
2195,1.0
2196,1.0
2197,0.96
2198,1.0
2199,0.99
2200,0.95
2201,0.88
2202,0.97
2203,0.97
2204,1.0
2205,1.0
2206,0.9
2207,0.99
2208,0.79
2209,1.0
2210,0.85
2211,0.99
2212,0.94
2213,0.98
2214,0.98
2215,0.89
2216,0.64
2217,1.0
2218,1.0
2219,0.94
2220,1.0
2221,1.0
2222,1.0
2223,1.0
2224,1.0
2225,0.97
2226,1.0
2227,1.0
2228,1.0
2229,0.98
2230,0.89
2231,0.99
2232,1.0
2233,0.99
2234,1.0
2235,1.0
2236,0.75
2237,0.98
2238,1.0
2239,0.98
2240,0.99
2241,0.98
2242,1.0
2243,0.98
2244,0.99
2245,0.97
2246,1.0
2247,0.97
2248,1.0
2249,1.0
2250,0.99
2251,0.96
2252,1.0
2253,0.97
2254,0.96
2255,0.92
2256,0.99
2257,1.0
2258,1.0
2259,0.92
2260,0.95
2261,1.0
2262,0.96
2263,0.99
2264,0.94
2265,0.97
2266,0.99
2267,0.99
2268,1.0
2269,0.9
2270,0.87
2271,1.0
2272,0.99
2273,0.97
2274,1.0
2275,0.94
2276,0.97
2277,1.0
2278,1.0
2279,1.0
2280,1.0
2281,0.99
2282,0.95
2283,0.97
2284,1.0
2285,0.81
2286,0.99
2287,0.98
2288,0.95
2289,0.93
2290,1.0
2291,0.95
2292,0.93
2293,0.99
2294,0.96
2295,0.75
2296,0.94
2297,0.96
2298,0.94
2299,0.98
2300,0.99
2301,0.99
2302,0.86
2303,0.98
2304,0.96
2305,0.99
2306,1.0
2307,1.0
2308,0.91
2309,1.0
2310,1.0
2311,0.99
2312,0.99
2313,0.99
2314,1.0
2315,0.99
2316,0.99
2317,0.97
2318,0.85
2319,1.0
2320,0.86
2321,1.0
2322,0.98
2323,1.0
2324,1.0
2325,0.97
2326,0.97
2327,0.99
2328,1.0
2329,1.0
2330,0.95
2331,0.99
2332,0.99
2333,1.0
2334,0.99
2335,0.99
2336,0.95
2337,0.98
2338,0.98
2339,0.87
2340,0.74
2341,1.0
2342,1.0
2343,0.96
2344,0.99
2345,0.98
2346,0.97
2347,1.0
2348,0.99
2349,1.0
2350,0.99
2351,0.99
2352,0.98
2353,0.97
2354,0.99
2355,0.99
2356,1.0
2357,1.0
2358,1.0
2359,0.98
2360,0.98
2361,0.98
2362,1.0
2363,1.0
2364,1.0
2365,0.99
2366,1.0
2367,0.78
2368,0.99
2369,0.94
2370,0.95
2371,1.0
2372,0.97
2373,0.97
2374,0.94
2375,1.0
2376,0.99
2377,0.99
2378,1.0
2379,0.99
2380,1.0
2381,1.0
2382,1.0
2383,0.99
2384,0.97
2385,0.96
2386,1.0
2387,1.0
2388,0.92
2389,0.96
2390,0.99
2391,1.0
2392,1.0
2393,0.99
2394,0.99
2395,0.99
2396,0.99
2397,0.95
2398,0.99
2399,0.98
2400,0.91
2401,0.96
2402,1.0
2403,0.99
2404,0.99
2405,1.0
2406,1.0
2407,0.91
2408,1.0
2409,0.98
2410,0.94
2411,1.0
2412,1.0
2413,0.99
2414,1.0
2415,0.99
2416,1.0
2417,1.0
2418,0.97
2419,0.99
2420,0.97
2421,1.0
2422,1.0
2423,1.0
2424,1.0
2425,1.0
2426,0.75
2427,0.83
2428,1.0
2429,0.99
2430,0.99
2431,1.0
2432,1.0
2433,1.0
2434,0.95
2435,0.99
2436,1.0
2437,0.99
2438,0.89
2439,0.97
2440,0.96
2441,1.0
2442,1.0
2443,0.98
2444,1.0
2445,0.99
2446,1.0
2447,1.0
2448,1.0
2449,0.99
2450,0.99
2451,1.0
2452,1.0
2453,1.0
2454,0.99
2455,1.0
2456,0.81
2457,1.0
2458,0.99
2459,1.0
2460,0.92
2461,0.85
2462,1.0
2463,1.0
2464,1.0
2465,1.0
2466,0.96
2467,0.88
2468,0.98
2469,1.0
2470,0.99
2471,0.99
2472,1.0
2473,1.0
2474,1.0
2475,1.0
2476,0.97
2477,1.0
2478,1.0
2479,1.0
2480,0.81
2481,0.95
2482,0.99
2483,1.0
2484,0.91
2485,1.0
2486,1.0
2487,0.9
2488,1.0
2489,0.9
2490,0.97
2491,0.99
2492,0.97
2493,0.98
2494,0.99
2495,1.0
2496,1.0
2497,0.99
2498,1.0
2499,1.0
2500,1.0
2501,1.0
2502,0.98
2503,1.0
2504,1.0
2505,0.99
2506,1.0
2507,0.99
2508,1.0
2509,0.96
2510,0.89
2511,0.99
2512,0.92
2513,1.0
2514,0.81
2515,0.99
2516,0.99
2517,1.0
2518,0.95
2519,0.99
2520,0.97
2521,1.0
2522,0.97
2523,0.98
2524,0.9
2525,0.99
2526,0.99
2527,0.99
2528,0.99
2529,1.0
2530,0.96
2531,0.95
2532,0.75
2533,0.92
2534,0.98
2535,0.99
2536,1.0
2537,1.0
2538,0.97
2539,0.98
2540,0.98
2541,0.99
2542,0.99
2543,0.99
2544,1.0
2545,1.0
2546,1.0
2547,0.92
2548,1.0
2549,1.0
2550,0.99
2551,1.0
2552,0.99
2553,0.92
2554,0.99
2555,0.98
2556,1.0
2557,1.0
2558,1.0
2559,1.0
2560,0.87
2561,1.0
2562,0.98
2563,0.94
2564,1.0
2565,0.98
2566,0.99
2567,0.92
2568,0.86
2569,0.86
2570,0.97
2571,0.98
2572,0.98
2573,0.99
2574,1.0
2575,0.93
2576,0.99
2577,1.0
2578,0.98
2579,0.99
2580,1.0
2581,0.76
2582,0.97
2583,1.0
2584,0.83
2585,0.96
2586,1.0
2587,1.0
2588,0.99
2589,1.0
2590,1.0
2591,1.0
2592,1.0
2593,0.99
2594,0.99
2595,0.99
2596,0.97
2597,0.94
2598,0.98
2599,1.0
2600,0.98
2601,1.0
2602,1.0
2603,1.0
2604,0.97
2605,1.0
2606,1.0
2607,0.99
2608,0.88
2609,0.99
2610,0.99
2611,0.84
2612,1.0
2613,0.98
2614,0.99
2615,0.99
2616,1.0
2617,0.96
2618,1.0
2619,1.0
2620,0.97
2621,1.0
2622,1.0
2623,0.98
2624,0.88
2625,1.0
2626,1.0
2627,0.99
2628,0.96
2629,0.85
2630,0.75
2631,1.0
2632,0.97
2633,0.95
2634,1.0
2635,0.9
2636,1.0
2637,0.97
2638,1.0
2639,0.99
2640,1.0
2641,1.0
2642,1.0
2643,1.0
2644,1.0
2645,1.0
2646,0.99
2647,1.0
2648,0.98
2649,0.96
2650,1.0
2651,1.0
2652,0.88
2653,0.99
2654,1.0
2655,0.96
2656,1.0
2657,0.98
2658,1.0
2659,0.92
2660,0.87
2661,0.98
2662,0.91
2663,0.99
2664,1.0
2665,0.95
2666,0.99
2667,0.99
2668,0.99
2669,0.99
2670,1.0
2671,0.99
2672,0.97
2673,1.0
2674,1.0
2675,0.96
2676,0.74
2677,0.95
2678,0.98
2679,0.94
2680,1.0
2681,1.0
2682,0.95
2683,1.0
2684,1.0
2685,0.99
2686,1.0
2687,0.79
2688,1.0
2689,1.0
2690,1.0
2691,0.99
2692,0.99
2693,0.78
2694,0.99
2695,0.87
2696,0.97
2697,1.0
2698,0.99
2699,1.0
2700,1.0
2701,0.9
2702,0.99
2703,0.98
2704,0.98
2705,1.0
2706,0.89
2707,0.89
2708,0.81
2709,0.82
2710,1.0
2711,0.98
2712,1.0
2713,0.55
2714,1.0
2715,1.0
2716,0.97
2717,0.99
2718,1.0
2719,1.0
2720,1.0
2721,1.0
2722,0.99
2723,1.0
2724,1.0
2725,1.0
2726,0.99
2727,0.97
2728,1.0
2729,1.0
2730,1.0
2731,0.98
2732,0.97
2733,0.99
2734,0.85
2735,0.95
2736,0.94
2737,1.0
2738,0.98
2739,1.0
2740,1.0
2741,1.0
2742,0.99
2743,1.0
2744,0.97
2745,0.98
2746,0.99
2747,1.0
2748,0.95
2749,1.0
2750,0.99
2751,1.0
2752,1.0
2753,1.0
2754,1.0
2755,1.0
2756,0.94
2757,0.98
2758,1.0
2759,0.99
2760,1.0
2761,1.0
2762,0.99
2763,1.0
2764,1.0
2765,0.99
2766,1.0
2767,0.97
2768,0.96
2769,0.97
2770,1.0
2771,0.94
2772,0.99
2773,1.0
2774,1.0
2775,0.96
2776,1.0
2777,0.91
2778,0.93
2779,0.99
2780,0.89
2781,1.0
2782,0.94
2783,1.0
2784,0.99
2785,0.99
2786,0.98
2787,0.98
2788,1.0
2789,0.97
2790,0.84
2791,0.9
2792,0.97
2793,1.0
2794,1.0
2795,0.97
2796,0.98
2797,0.99
2798,1.0
2799,1.0
2800,1.0
2801,1.0
2802,0.99
2803,1.0
2804,1.0
2805,1.0
2806,0.99
2807,0.83
2808,0.99
2809,0.99
2810,0.98
2811,0.71
2812,0.99
2813,1.0
2814,0.99
2815,0.98
2816,0.94
2817,0.99
2818,1.0
2819,0.94
2820,0.98
2821,1.0
2822,0.96
2823,1.0
2824,0.97
2825,0.98
2826,0.96
2827,1.0
2828,0.72
2829,1.0
2830,0.95
2831,1.0
2832,0.99
2833,0.91
2834,0.9
2835,0.75
2836,0.96
2837,0.99
2838,1.0
2839,0.99
2840,0.99
2841,1.0
2842,1.0
2843,0.99
2844,0.99
2845,1.0
2846,1.0
2847,1.0
2848,0.99
2849,1.0
2850,0.96
2851,0.78
2852,0.96
2853,1.0
2854,0.95
2855,1.0
2856,0.9
2857,0.86
2858,1.0
2859,0.98
2860,0.99
2861,1.0
2862,1.0
2863,1.0
2864,1.0
2865,0.99
2866,0.93
2867,1.0
2868,0.99
2869,0.94
2870,1.0
2871,0.99
2872,0.99
2873,0.96
2874,0.94
2875,0.95
2876,0.96
2877,0.99
2878,0.96
2879,0.98
2880,1.0
2881,1.0
2882,0.99
2883,1.0
2884,0.98
2885,0.89
2886,0.99
2887,0.96
2888,1.0
2889,0.93
2890,1.0
2891,1.0
2892,1.0
2893,0.98
2894,1.0
2895,0.98
2896,0.91
2897,1.0
2898,0.91
2899,1.0
2900,0.98
2901,0.95
2902,0.99
2903,1.0
2904,1.0
2905,1.0
2906,0.95
2907,0.98
2908,0.97
2909,0.89
2910,1.0
2911,1.0
2912,1.0
2913,1.0
2914,1.0
2915,0.97
2916,0.98
2917,1.0
2918,0.94
2919,0.98
2920,0.99
2921,0.98
2922,1.0
2923,0.99
2924,0.98
2925,0.99
2926,1.0
2927,1.0
2928,1.0
2929,0.85
2930,1.0
2931,1.0
2932,1.0
2933,1.0
2934,1.0
2935,1.0
2936,1.0
2937,0.99
2938,0.94
2939,0.99
2940,1.0
2941,1.0
2942,0.99
2943,1.0
2944,1.0
2945,1.0
2946,0.98
2947,0.98
2948,1.0
2949,1.0
2950,0.96
2951,0.99
2952,0.96
2953,1.0
2954,1.0
2955,1.0
2956,0.93
2957,1.0
2958,0.99
2959,0.99
2960,1.0
2961,0.91
2962,0.99
2963,1.0
2964,0.97
2965,0.98
2966,0.64
2967,0.98
2968,1.0
2969,0.99
2970,0.97
2971,1.0
2972,0.98
2973,0.92
2974,1.0
2975,1.0
2976,0.93
2977,1.0
2978,0.91
2979,1.0
2980,1.0
2981,0.8
2982,1.0
2983,1.0
2984,0.96
2985,0.98
2986,1.0
2987,0.96
2988,0.97
2989,0.99
2990,0.99
2991,0.99
2992,0.99
2993,0.99
2994,0.92
2995,0.99
2996,0.95
2997,0.88
2998,0.99
2999,0.99
3000,1.0
3001,1.0
3002,1.0
3003,0.99
3004,0.97
3005,0.98
3006,0.99
3007,0.99
3008,1.0
3009,1.0
3010,0.99
3011,0.99
3012,0.97
3013,1.0
3014,0.99
3015,1.0
3016,0.92
3017,0.79
3018,0.99
3019,0.9
3020,1.0
3021,1.0
3022,1.0
3023,1.0
3024,1.0
3025,1.0
3026,1.0
3027,1.0
3028,0.64
3029,0.91
3030,0.98
3031,1.0
3032,0.99
3033,0.97
3034,0.99
3035,0.96
3036,1.0
3037,1.0
3038,0.94
3039,0.99
3040,1.0
3041,0.96
3042,1.0
3043,0.99
3044,1.0
3045,0.96
3046,0.99
3047,0.98
3048,0.99
3049,0.99
3050,0.97
3051,0.95
3052,0.95
3053,1.0
3054,0.99
3055,1.0
3056,0.73
3057,0.97
3058,0.99
3059,0.98
3060,0.98
3061,1.0
3062,0.99
3063,0.98
3064,0.99
3065,1.0
3066,1.0
3067,0.99
3068,0.98
3069,1.0
3070,1.0
3071,1.0
3072,1.0
3073,1.0
3074,0.98
3075,1.0
3076,0.96
3077,0.98
3078,0.97
3079,0.88
3080,0.98
3081,0.97
3082,0.98
3083,0.84
3084,0.98
3085,1.0
3086,0.92
3087,1.0
3088,0.88
3089,1.0
3090,0.99
3091,1.0
3092,1.0
3093,0.98
3094,0.91
3095,1.0
3096,1.0
3097,1.0
3098,1.0
3099,0.95
3100,1.0
3101,1.0
3102,1.0
3103,0.93
3104,1.0
3105,0.97
3106,1.0
3107,1.0
3108,0.98
3109,1.0
3110,1.0
3111,0.93
3112,0.97
3113,0.99
3114,1.0
3115,0.93
3116,0.98
3117,0.99
3118,1.0
3119,1.0
3120,1.0
3121,1.0
3122,0.78
3123,0.99
3124,0.98
3125,1.0
3126,1.0
3127,0.49
3128,0.98
3129,0.98
3130,1.0
3131,1.0
3132,1.0
3133,0.99
3134,0.99
3135,0.98
3136,0.88
3137,1.0
3138,0.95
3139,0.97
3140,1.0
3141,0.97
3142,0.99
3143,1.0
3144,0.96
3145,0.96
3146,1.0
3147,0.99
3148,0.94
3149,0.99
3150,1.0
3151,1.0
3152,1.0
3153,1.0
3154,0.96
3155,0.99
3156,1.0
3157,1.0
3158,1.0
3159,1.0
3160,1.0
3161,1.0
3162,0.98
3163,1.0
3164,0.96
3165,1.0
3166,0.98
3167,0.99
3168,0.95
3169,1.0
3170,1.0
3171,0.48
3172,0.97
3173,1.0
3174,0.98
3175,0.98
3176,1.0
3177,0.99
3178,1.0
3179,0.99
3180,1.0
3181,1.0
3182,0.99
3183,1.0
3184,1.0
3185,0.79
3186,0.95
3187,0.99
3188,1.0
3189,0.99
3190,1.0
3191,1.0
3192,0.99
3193,0.99
3194,0.77
3195,0.94
3196,1.0
3197,0.99
3198,1.0
3199,1.0
3200,0.97
3201,0.98
3202,0.98
3203,1.0
3204,0.99
3205,1.0
3206,0.99
3207,1.0
3208,0.99
3209,1.0
3210,1.0
3211,0.99
3212,1.0
3213,1.0
3214,0.97
3215,0.98
3216,1.0
3217,1.0
3218,0.98
3219,0.98
3220,0.99
3221,1.0
3222,1.0
3223,1.0
3224,1.0
3225,0.98
3226,0.94
3227,1.0
3228,1.0
3229,1.0
3230,0.99
3231,1.0
3232,0.97
3233,0.88
3234,0.98
3235,1.0
3236,0.92
3237,1.0
3238,1.0
3239,1.0
3240,0.97
3241,1.0
3242,1.0
3243,1.0
3244,1.0
3245,0.99
3246,1.0
3247,1.0
3248,0.99
3249,1.0
3250,0.93
3251,1.0
3252,1.0
3253,0.99
3254,0.99
3255,0.98
3256,1.0
3257,0.96
3258,0.97
3259,0.91
3260,0.98
3261,0.82
3262,0.99
3263,0.99
3264,1.0
3265,1.0
3266,1.0
3267,1.0
3268,0.98
3269,0.97
3270,0.98
3271,1.0
3272,1.0
3273,0.99
3274,1.0
3275,0.94
3276,1.0
3277,0.94
3278,1.0
3279,1.0
3280,1.0
3281,0.94
3282,1.0
3283,1.0
3284,1.0
3285,0.72
3286,0.98
3287,0.99
3288,1.0
3289,0.99
3290,1.0
3291,0.98
3292,0.98
3293,0.93
3294,0.99
3295,1.0
3296,1.0
3297,0.87
3298,1.0
3299,0.95
3300,1.0
3301,0.94
3302,0.99
3303,0.96
3304,0.97
3305,1.0
3306,1.0
3307,0.95
3308,1.0
3309,1.0
3310,1.0
3311,0.99
3312,0.9
3313,0.94
3314,0.96
3315,0.98
3316,1.0
3317,0.9
3318,0.99
3319,1.0
3320,0.99
3321,0.96
3322,0.95
3323,0.98
3324,1.0
3325,1.0
3326,0.99
3327,0.93
3328,0.95
3329,0.99
3330,1.0
3331,0.85
3332,1.0
3333,0.99
3334,1.0
3335,1.0
3336,1.0
3337,0.99
3338,0.99
3339,0.96
3340,1.0
3341,1.0
3342,1.0
3343,1.0
3344,0.98
3345,1.0
3346,1.0
3347,1.0
3348,0.94
3349,0.91
3350,0.95
3351,1.0
3352,1.0
3353,1.0
3354,0.98
3355,0.9
3356,1.0
3357,1.0
3358,0.98
3359,1.0
3360,0.96
3361,1.0
3362,1.0
3363,0.97
3364,0.97
3365,0.95
3366,0.99
3367,0.98
3368,1.0
3369,1.0
3370,0.87
3371,0.98
3372,0.96
3373,0.96
3374,0.97
3375,0.99
3376,1.0
3377,0.99
3378,0.99
3379,0.99
3380,1.0
3381,0.99
3382,1.0
3383,0.88
3384,1.0
3385,0.99
3386,0.99
3387,1.0
3388,0.98
3389,0.9
3390,1.0
3391,1.0
3392,1.0
3393,0.82
3394,1.0
3395,1.0
3396,0.99
3397,0.67
3398,1.0
3399,0.99
3400,0.91
3401,1.0
3402,1.0
3403,1.0
3404,1.0
3405,1.0
3406,0.97
3407,0.96
3408,0.98
3409,1.0
3410,0.99
3411,1.0
3412,1.0
3413,0.99
3414,1.0
3415,1.0
3416,0.98
3417,1.0
3418,0.98
3419,0.99
3420,0.99
3421,0.99
3422,0.93
3423,1.0
3424,0.97
3425,1.0
3426,1.0
3427,1.0
3428,1.0
3429,0.93
3430,0.85
3431,0.99
3432,0.94
3433,0.99
3434,0.99
3435,0.99
3436,1.0
3437,0.98
3438,0.99
3439,0.88
3440,0.99
3441,0.98
3442,1.0
3443,1.0
3444,1.0
3445,0.99
3446,0.99
3447,0.97
3448,0.92
3449,0.97
3450,1.0
3451,0.99
3452,1.0
3453,1.0
3454,1.0
3455,0.99
3456,0.98
3457,0.98
3458,0.98
3459,1.0
3460,0.99
3461,1.0
3462,1.0
3463,1.0
3464,0.93
3465,0.99
3466,0.99
3467,0.91
3468,0.91
3469,0.99
3470,0.99
3471,1.0
3472,0.99
3473,0.92
3474,0.98
3475,0.97
3476,1.0
3477,0.99
3478,0.99
3479,0.88
3480,0.99
3481,1.0
3482,0.97
3483,0.88
3484,0.99
3485,0.98
3486,0.99
3487,0.98
3488,0.98
3489,0.98
3490,0.98
3491,0.98
3492,1.0
3493,1.0
3494,0.96
3495,0.94
3496,0.99
3497,0.89
3498,1.0
3499,0.98
3500,0.99
3501,1.0
3502,0.96
3503,1.0
3504,0.93
3505,0.99
3506,0.97
3507,0.99
3508,0.93
3509,0.9
3510,0.99
3511,0.99
3512,0.96
3513,0.96
3514,0.97
3515,0.99
3516,1.0
3517,0.92
3518,0.99
3519,1.0
3520,1.0
3521,0.99
3522,1.0
3523,1.0
3524,0.98
3525,0.99
3526,1.0
3527,0.93
3528,1.0
3529,1.0
3530,1.0
3531,1.0
3532,0.97
3533,0.98
3534,1.0
3535,1.0
3536,0.97
3537,0.94
3538,0.99
3539,0.98
3540,0.87
3541,1.0
3542,1.0
3543,1.0
3544,0.98
3545,0.99
3546,0.94
3547,0.98
3548,0.99
3549,1.0
3550,1.0
3551,0.96
3552,0.99
3553,1.0
3554,0.94
3555,0.99
3556,0.91
3557,0.99
3558,0.99
3559,0.99
3560,1.0
3561,0.99
3562,1.0
3563,0.94
3564,0.97
3565,1.0
3566,0.98
3567,1.0
3568,1.0
3569,1.0
3570,1.0
3571,1.0
3572,1.0
3573,1.0
3574,0.97
3575,1.0
3576,1.0
3577,0.97
3578,0.96
3579,1.0
3580,1.0
3581,1.0
3582,1.0
3583,1.0
3584,0.99
3585,1.0
3586,0.96
3587,0.99
3588,0.92
3589,0.0
3590,0.0
3591,0.04
3592,0.0
3593,0.0
3594,0.0
3595,0.27
3596,0.0
3597,0.0
3598,0.0
3599,0.0
3600,0.01
3601,0.0
3602,0.03
3603,0.01
3604,0.0
3605,0.0
3606,0.0
3607,0.0
3608,0.02
3609,0.0
3610,0.0
3611,0.01
3612,0.18
3613,0.0
3614,0.01
3615,0.0
3616,0.0
3617,0.61
3618,0.61
3619,0.0
3620,0.01
3621,0.01
3622,0.0
3623,0.0
3624,0.0
3625,0.0
3626,0.0
3627,0.0
3628,0.0
3629,0.0
3630,0.58
3631,0.0
3632,0.01
3633,0.0
3634,0.0
3635,0.01
3636,0.0
3637,0.0
3638,0.06
3639,0.01
3640,0.0
3641,0.0
3642,0.0
3643,0.0
3644,0.07
3645,0.0
3646,0.0
3647,0.0
3648,0.0
3649,0.0
3650,0.2
3651,0.0
3652,0.4
3653,0.18
3654,0.0
3655,0.0
3656,0.0
3657,0.0
3658,0.0
3659,0.0
3660,0.0
3661,0.0
3662,0.1
3663,0.0
3664,0.01
3665,0.0
3666,0.0
3667,0.01
3668,0.0
3669,0.0
3670,0.03
3671,0.0
3672,0.0
3673,0.0
3674,0.0
3675,0.01
3676,0.0
3677,0.0
3678,0.0
3679,0.0
3680,0.0
3681,0.01
3682,0.01
3683,0.3
3684,0.0
3685,0.0
3686,0.0
3687,0.01
3688,0.0
3689,0.0
3690,0.03
3691,0.0
3692,0.0
3693,0.0
3694,0.01
3695,0.0
3696,0.02
3697,0.0
3698,0.0
3699,0.0
3700,0.02
3701,0.0
3702,0.0
3703,0.0
3704,0.01
3705,0.0
3706,0.0
3707,0.0
3708,0.0
3709,0.0
3710,0.0
3711,0.0
3712,0.01
3713,0.01
3714,0.0
3715,0.0
3716,0.0
3717,0.32
3718,0.01
3719,0.12
3720,0.32
3721,0.01
3722,0.0
3723,0.0
3724,0.0
3725,0.0
3726,0.03
3727,0.01
3728,0.0
3729,0.03
3730,0.0
3731,0.0
3732,0.01
3733,0.0
3734,0.0
3735,0.0
3736,0.02
3737,0.0
3738,0.0
3739,0.0
3740,0.0
3741,0.0
3742,0.0
3743,0.16
3744,0.02
3745,0.01
3746,0.0
3747,0.04
3748,0.0
3749,0.0
3750,0.0
3751,0.0
3752,0.01
3753,0.0
3754,0.0
3755,0.01
3756,0.0
3757,0.0
3758,0.0
3759,0.0
3760,0.0
3761,0.0
3762,0.0
3763,0.0
3764,0.5
3765,0.0
3766,0.14
3767,0.15
3768,0.0
3769,0.02
3770,0.02
3771,0.0
3772,0.01
3773,0.0
3774,0.0
3775,0.0
3776,0.01
3777,0.0
3778,0.03
3779,0.0
3780,0.01
3781,0.03
3782,0.0
3783,0.0
3784,0.0
3785,0.04
3786,0.0
3787,0.0
3788,0.0
3789,0.01
3790,0.0
3791,0.0
3792,0.0
3793,0.0
3794,0.0
3795,0.13
3796,0.02
3797,0.0
3798,0.0
3799,0.52
3800,0.01
3801,0.0
3802,0.29
3803,0.0
3804,0.04
3805,0.15
3806,0.0
3807,0.0
3808,0.01
3809,0.0
3810,0.01
3811,0.0
3812,0.0
3813,0.0
3814,0.0
3815,0.0
3816,0.68
3817,0.0
3818,0.05
3819,0.0
3820,0.0
3821,0.0
3822,0.01
3823,0.01
3824,0.0
3825,0.0
3826,0.04
3827,0.29
3828,0.02
3829,0.01
3830,0.01
3831,0.01
3832,0.0
3833,0.0
3834,0.0
3835,0.02
3836,0.0
3837,0.0
3838,0.01
3839,0.02
3840,0.0
3841,0.0
3842,0.02
3843,0.0
3844,0.0
3845,0.01
3846,0.02
3847,0.0
3848,0.45
3849,0.0
3850,0.0
3851,0.03
3852,0.0
3853,0.0
3854,0.0
3855,0.01
3856,0.0
3857,0.01
3858,0.01
3859,0.0
3860,0.32
3861,1.0
3862,0.97
3863,0.99
3864,0.96
3865,1.0
3866,0.99
3867,1.0
3868,1.0
3869,1.0
3870,1.0
3871,1.0
3872,1.0
3873,0.99
3874,0.9
3875,1.0
3876,1.0
3877,1.0
3878,1.0
3879,1.0
3880,0.78
3881,1.0
3882,1.0
3883,1.0
3884,1.0
3885,0.99
3886,1.0
3887,1.0
3888,1.0
3889,1.0
3890,1.0
3891,1.0
3892,0.79
3893,1.0
3894,1.0
3895,0.98
3896,0.98
3897,1.0
3898,0.99
3899,0.99
3900,0.99
3901,1.0
3902,0.77
3903,0.85
3904,0.94
3905,1.0
3906,1.0
3907,1.0
3908,0.99
3909,1.0
3910,0.98
3911,0.91
3912,1.0
3913,1.0
3914,1.0
3915,1.0
3916,0.99
3917,0.94
3918,1.0
3919,1.0
3920,0.99
3921,0.97
3922,1.0
3923,0.97
3924,1.0
3925,0.98
3926,1.0
3927,0.99
3928,0.98
3929,0.99
3930,1.0
3931,1.0
3932,1.0
3933,1.0
3934,1.0
3935,0.99
3936,1.0
3937,0.97
3938,1.0
3939,0.99
3940,0.92
3941,0.99
3942,1.0
3943,0.99
3944,1.0
3945,1.0
3946,0.99
3947,1.0
3948,1.0
3949,0.97
3950,0.86
3951,1.0
3952,1.0
3953,1.0
3954,1.0
3955,0.97
3956,0.97
3957,1.0
3958,1.0
3959,1.0
3960,1.0
3961,0.99
3962,0.93
3963,0.98
3964,1.0
3965,0.9
3966,0.96
3967,0.97
3968,1.0
3969,1.0
3970,0.98
3971,0.98
3972,0.98
3973,0.99
3974,0.95
3975,0.95
3976,0.97
3977,1.0
3978,1.0
3979,1.0
3980,0.98
3981,0.98
3982,0.98
3983,0.95
3984,1.0
3985,0.97
3986,0.94
3987,1.0
3988,0.72
3989,0.99
3990,0.99
3991,0.99
3992,0.99
3993,1.0
3994,1.0
3995,0.99
3996,1.0
3997,1.0
3998,1.0
3999,1.0
4000,1.0
4001,1.0
4002,0.99
4003,0.96
4004,1.0
4005,1.0
4006,0.86
4007,0.98
4008,1.0
4009,1.0
4010,1.0
4011,1.0
4012,0.99
4013,0.9
4014,0.96
4015,0.99
4016,1.0
4017,0.99
4018,0.96
4019,1.0
4020,0.99
4021,0.93
4022,0.99
4023,0.9
4024,0.99
4025,0.98
4026,0.96
4027,1.0
4028,1.0
4029,1.0
4030,0.99
4031,1.0
4032,1.0
4033,0.99
4034,0.99
4035,0.99
4036,0.98
4037,0.96
4038,0.98
4039,0.99
4040,0.99
4041,1.0
4042,1.0
4043,0.99
4044,1.0
4045,1.0
4046,0.96
4047,1.0
4048,1.0
4049,1.0
4050,0.96
4051,0.91
4052,0.99
4053,0.98
4054,1.0
4055,1.0
4056,1.0
4057,0.99
4058,0.93
4059,0.98
4060,0.96
4061,0.97
4062,1.0
4063,0.99
4064,0.95
4065,0.99
4066,1.0
4067,1.0
4068,0.97
4069,0.99
4070,1.0
4071,1.0
4072,1.0
4073,1.0
4074,0.98
4075,0.96
4076,0.98
4077,0.99
4078,1.0
4079,1.0
4080,0.99
4081,1.0
4082,0.99
4083,1.0
4084,1.0
4085,0.99
4086,0.99
4087,1.0
4088,1.0
4089,0.99
4090,0.96
4091,1.0
4092,1.0
4093,1.0
4094,1.0
4095,0.67
4096,0.97
4097,0.99
4098,1.0
4099,0.97
4100,1.0
4101,0.97
4102,0.99
4103,0.81
4104,0.98
4105,0.99
4106,0.99
4107,1.0
4108,1.0
4109,0.98
4110,0.99
4111,0.97
4112,1.0
4113,0.99
4114,0.98
4115,1.0
4116,0.98
4117,0.83
4118,0.85
4119,0.99
4120,1.0
4121,0.94
4122,1.0
4123,0.99
4124,0.99
4125,0.99
4126,1.0
4127,0.99
4128,0.99
4129,1.0
4130,0.99
4131,1.0
4132,1.0
4133,0.99
4134,0.97
4135,1.0
4136,0.92
4137,1.0
4138,0.97
4139,1.0
4140,1.0
4141,1.0
4142,0.99
4143,0.99
4144,0.94
4145,0.98
4146,1.0
4147,1.0
4148,1.0
4149,0.99
4150,0.91
4151,0.91
4152,0.99
4153,0.99
4154,1.0
4155,0.92
4156,1.0
4157,0.94
4158,1.0
4159,1.0
4160,1.0
4161,0.99
4162,1.0
4163,0.98
4164,1.0
4165,0.88
4166,0.96
4167,0.98
4168,0.99
4169,0.98
4170,0.99
4171,0.98
4172,0.98
4173,0.97
4174,0.96
4175,1.0
4176,0.99
4177,1.0
4178,0.89
4179,0.98
4180,1.0
4181,1.0
4182,1.0
4183,1.0
4184,0.99
4185,1.0
4186,0.93
4187,0.9
4188,1.0
4189,0.96
4190,0.97
4191,0.99
4192,0.96
4193,0.98
4194,1.0
4195,1.0
4196,1.0
4197,0.98
4198,0.98
4199,0.99
4200,1.0
4201,1.0
4202,0.99
4203,1.0
4204,1.0
4205,0.98
4206,0.97
4207,1.0
4208,0.99
4209,0.97
4210,0.86
4211,0.99
4212,0.88
4213,1.0
4214,0.99
4215,0.99
4216,0.98
4217,0.94
4218,1.0
4219,0.99
4220,1.0
4221,0.94
4222,0.99
4223,1.0
4224,0.99
4225,0.99
4226,1.0
4227,1.0
4228,1.0
4229,0.99
4230,0.98
4231,0.99
4232,1.0
4233,1.0
4234,1.0
4235,1.0
4236,0.94
4237,0.94
4238,0.99
4239,1.0
4240,0.96
4241,0.98
4242,1.0
4243,0.99
4244,0.91
4245,0.98
4246,1.0
4247,0.97
4248,1.0
4249,0.92
4250,0.98
4251,1.0
4252,1.0
4253,0.99
4254,0.99
4255,1.0
4256,0.0
4257,0.06
4258,0.0
4259,0.04
4260,0.0
4261,0.0
4262,0.0
4263,0.0
4264,0.0
4265,0.0
4266,0.01
4267,0.27
4268,0.0
4269,0.0
4270,0.01
4271,0.0
4272,0.0
4273,0.03
4274,0.01
4275,0.0
4276,0.0
4277,0.0
4278,0.0
4279,0.02
4280,0.0
4281,0.03
4282,0.0
4283,0.0
4284,0.0
4285,0.0
4286,0.0
4287,0.0
4288,0.0
4289,0.02
4290,0.0
4291,0.61
4292,0.0
4293,0.0
4294,0.0
4295,0.0
4296,0.0
4297,0.01
4298,0.0
4299,0.14
4300,0.0
4301,0.0
4302,0.04
4303,0.01
4304,0.01
4305,0.0
4306,0.06
4307,0.01
4308,0.0
4309,0.0
4310,0.0
4311,0.0
4312,0.0
4313,0.0
4314,0.0
4315,0.1
4316,0.0
4317,0.0
4318,0.02
4319,0.0
4320,0.0
4321,0.0
4322,0.02
4323,0.0
4324,0.0
4325,0.0
4326,0.01
4327,0.0
4328,0.0
4329,0.0
4330,0.01
4331,0.0
4332,0.0
4333,0.03
4334,0.0
4335,0.0
4336,0.0
4337,0.0
4338,0.0
4339,0.0
4340,0.0
4341,0.0
4342,0.0
4343,0.01
4344,0.0
4345,0.14
4346,0.01
4347,0.0
4348,0.0
4349,0.03
4350,0.0
4351,0.01
4352,0.0
4353,0.0
4354,0.01
4355,0.0
4356,0.0
4357,0.0
4358,0.01
4359,0.0
4360,0.0
4361,0.0
4362,0.0
4363,0.0
4364,0.0
4365,0.0
4366,0.0
4367,0.0
4368,0.0
4369,0.0
4370,0.0
4371,0.0
4372,0.01
4373,0.0
4374,0.01
4375,0.03
4376,0.0
4377,0.0
4378,0.0
4379,0.03
4380,0.0
4381,0.01
4382,0.0
4383,0.0
4384,0.0
4385,0.3
4386,0.0
4387,0.16
4388,0.0
4389,0.37
4390,0.0
4391,0.0
4392,0.04
4393,0.03
4394,0.0
4395,0.0
4396,0.0
4397,0.0
4398,0.01
4399,0.0
4400,0.0
4401,0.0
4402,0.0
4403,0.0
4404,0.0
4405,0.0
4406,0.01
4407,0.01
4408,0.0
4409,0.0
4410,0.0
4411,0.02
4412,0.0
4413,0.02
4414,0.0
4415,0.0
4416,0.0
4417,0.5
4418,0.0
4419,0.0
4420,0.35
4421,0.02
4422,0.0
4423,0.0
4424,0.0
4425,0.0
4426,0.07
4427,0.0
4428,0.01
4429,0.0
4430,0.01
4431,0.0
4432,0.0
4433,0.0
4434,0.01
4435,0.0
4436,0.0
4437,0.01
4438,0.0
4439,0.04
4440,0.0
4441,0.0
4442,0.0
4443,0.0
4444,0.12
4445,0.0
4446,0.04
4447,0.02
4448,0.01
4449,0.0
4450,0.52
4451,0.01
4452,0.0
4453,0.0
4454,0.0
4455,0.0
4456,0.0
4457,0.04
4458,0.15
4459,0.0
4460,0.01
4461,0.86
4462,0.0
4463,0.0
4464,0.01
4465,0.33
4466,0.01
4467,0.01
4468,0.0
4469,0.0
4470,0.0
4471,0.0
4472,0.01
4473,0.01
4474,0.0
4475,0.0
4476,0.0
4477,0.0
4478,0.31
4479,0.01
4480,0.0
4481,0.0
4482,0.0
4483,0.0
4484,0.48
4485,0.0
4486,0.0
4487,0.01
4488,0.01
4489,0.06
4490,0.02
4491,0.01
4492,0.01
4493,0.01
4494,0.01
4495,0.0
4496,0.48
4497,0.0
4498,0.08
4499,0.0
4500,0.0
4501,0.02
4502,0.0
4503,0.0
4504,0.06
4505,0.01
4506,0.0
4507,0.0
